{
    "total_runtime": 58.85272240638733,
    "num_documents": 1,
    "input_load_time": 0,
    "workflows": {
        "create_base_text_units": {
            "overall": 0.14137053489685059
        },
        "create_final_documents": {
            "overall": 0.0509951114654541
        },
        "extract_graph": {
            "overall": 4.941585302352905
        },
        "finalize_graph": {
            "overall": 0.0894920825958252
        },
        "create_communities": {
            "overall": 0.12798786163330078
        },
        "create_final_text_units": {
            "overall": 0.08349299430847168
        },
        "create_community_reports": {
            "overall": 46.872204065322876
        },
        "generate_text_embeddings": {
            "overall": 6.441682815551758
        }
    }
}